USE MASTER
GO
IF EXISTS(SELECT * FROM SYS.DATABASES WHERE name = 'QLST')
BEGIN
	ALTER DATABASE QLST SET SINGLE_USER WITH ROLLBACK IMMEDIATE
	DROP DATABASE QLST
END
GO
CREATE DATABASE QLST
GO
USE QLST
GO

CREATE TABLE NHANVIEN
(
	MANV VARCHAR(10) PRIMARY KEY,
	HOTEN NVARCHAR(50),
	VAITRO NVARCHAR(50) NOT NULL CHECK(VAITRO IN(N'Chăm sóc khách hàng', N'Quản lý ngành hàng', N'Xử lý đơn hàng', N'Quản lý kho hàng', N'Kinh doanh'))
)

CREATE TABLE KHACHHANG
(
	MAKH VARCHAR(10) PRIMARY KEY,
	HOTEN NVARCHAR(50),
	SDT VARCHAR(10) UNIQUE,
	DIACHI NVARCHAR(100),
	ISTHANHVIEN BIT DEFAULT 0
)

CREATE TABLE CAPDOTHE
(
	MACAPDO VARCHAR(10) PRIMARY KEY,
	TENCAPDO NVARCHAR(50),
	TONGTIENTOITHIEU INT CHECK(TONGTIENTOITHIEU >= 0),
	PHANTRAMGIAMSN FLOAT CHECK(PHANTRAMGIAMSN >= 0)
)

CREATE TABLE KH_THANHVIEN
(
	MAKH VARCHAR(10) PRIMARY KEY,
	NGAYDANGKY DATE,
	NGAYSINH DATE,
	MANV VARCHAR(10),
	MACAPDO VARCHAR(10)

	FOREIGN KEY(MAKH) REFERENCES KHACHHANG(MAKH),
	FOREIGN KEY(MANV) REFERENCES NHANVIEN(MANV),
	FOREIGN KEY(MACAPDO) REFERENCES CAPDOTHE(MACAPDO)
)

CREATE TABLE PHIEUGIAMGIA
(
	MAPG VARCHAR(10) PRIMARY KEY,
	PHANTRAMGIAM FLOAT CHECK(PHANTRAMGIAM > 0),
	TRANGTHAI NVARCHAR(10) NOT NULL CHECK(TRANGTHAI IN(N'Đã dùng', N'Chưa dùng', N'Hết hạn')),
	MAKH VARCHAR(10) 

	FOREIGN KEY(MAKH) REFERENCES KH_THANHVIEN(MAKH)
)

CREATE TABLE SOTIENTIEU
(
	MAKH VARCHAR(10),
	NAM INT CHECK(NAM > 0),
	SOTIENDATIEU INT CHECK(SOTIENDATIEU >= 0) DEFAULT 0

	PRIMARY KEY(MAKH,NAM)
	FOREIGN KEY(MAKH) REFERENCES KH_THANHVIEN(MAKH)
)

CREATE TABLE KHUYENMAI
(
	MAKM VARCHAR(10) PRIMARY KEY,
	NGAYBATDAU DATE,
	NGAYKETTHUC DATE,
	MANV VARCHAR(10),
	ISMEMBER BIT

	FOREIGN KEY (MANV) REFERENCES NHANVIEN(MANV)
)

CREATE TABLE MEMBER_SALE
(
	MAKM VARCHAR(10),
	MACAPDO VARCHAR(10)

	PRIMARY KEY(MAKM, MACAPDO)
	FOREIGN KEY(MAKM) REFERENCES KHUYENMAI(MAKM),
	FOREIGN KEY(MACAPDO) REFERENCES CAPDOTHE(MACAPDO)
)

CREATE TABLE DANHMUC
(
	MADM VARCHAR(10) PRIMARY KEY,
	CHUNGLOAI NVARCHAR(50),
	MANV VARCHAR(10)

	FOREIGN KEY(MANV) REFERENCES NHANVIEN(MANV)
)

CREATE TABLE NHASANXUAT
(
	MANSX VARCHAR(10) PRIMARY KEY,
	TENNSX NVARCHAR(50),
	DIACHI NVARCHAR(100),
	EMAIL VARCHAR(50),
	SDT VARCHAR(10)
)

CREATE TABLE SANPHAM
(
	MASP VARCHAR(10) PRIMARY KEY,
	TENSANPHAM NVARCHAR(50),
	DONGIA INT CHECK(DONGIA > 0),
	MOTASP NVARCHAR(MAX),
	TONKHO INT CHECK(TONKHO >= 0) DEFAULT 0,
	SOLUONGTOIDA INT CHECK(SOLUONGTOIDA > 0),
	MADM VARCHAR(10),
	MANSX VARCHAR(10)

	FOREIGN KEY(MADM) REFERENCES DANHMUC(MADM),
	FOREIGN KEY(MANSX) REFERENCES NHASANXUAT(MANSX)
)

CREATE TABLE CHITIETKM
(
	MASP VARCHAR(10),
	MAKM VARCHAR(10),
	SOLUONG INT CHECK(SOLUONG > 0),
	TILEGIAM FLOAT CHECK(TILEGIAM > 0 AND TILEGIAM <= 1)

	PRIMARY KEY(MASP, MAKM),
	FOREIGN KEY(MASP) REFERENCES SANPHAM(MASP),
	FOREIGN KEY(MAKM) REFERENCES KHUYENMAI(MAKM)
)

CREATE TABLE HOADON
(
	MAHD VARCHAR(10) PRIMARY KEY,
	NGAYLAP DATE,
	TONGTIEN INT CHECK(TONGTIEN >= 0),
	MANV VARCHAR(10),
	MAPG VARCHAR(10) NULL, 
	MAKH VARCHAR(10)

	FOREIGN KEY(MANV) REFERENCES NHANVIEN(MANV),
	FOREIGN KEY(MAPG) REFERENCES PHIEUGIAMGIA(MAPG),
	FOREIGN KEY(MAKH) REFERENCES KHACHHANG(MAKH)
)

CREATE TABLE CHITIETHOADON
(
	MAHD VARCHAR(10),
	MASP VARCHAR(10),
	SOLUONG INT CHECK(SOLUONG > 0),
	THANHTIEN INT CHECK(THANHTIEN >= 0),
	MAKM VARCHAR(10) NULL

	PRIMARY KEY(MAHD, MASP)
	FOREIGN KEY(MAHD) REFERENCES HOADON(MAHD),
	FOREIGN KEY(MASP) REFERENCES SANPHAM(MASP),
	FOREIGN KEY(MAKM) REFERENCES KHUYENMAI(MAKM)
)

CREATE TABLE DONDATHANG
(
	MAHD VARCHAR(10) PRIMARY KEY,
	NGAYLAP DATE DEFAULT GETDATE(),
	SOLUONGDAT INT CHECK(SOLUONGDAT > 0),
	SOLUONGDANHAN INT CHECK(SOLUONGDANHAN >= 0) DEFAULT 0,
	TRANGTHAI NVARCHAR(30) CHECK(TRANGTHAI IN(N'Chưa giao', N'Đã giao một phần', N'Đã giao đủ')),
	MANV VARCHAR(10),
	MASP VARCHAR(10)

	FOREIGN KEY(MANV) REFERENCES NHANVIEN(MANV),
	FOREIGN KEY(MASP) REFERENCES SANPHAM(MASP)
)

CREATE TABLE PHIEUNHAPHANG
(
	MAPN VARCHAR(10) PRIMARY KEY,
	NGAYNHAP DATE DEFAULT GETDATE(),
	MANSX VARCHAR(10)

	FOREIGN KEY(MANSX) REFERENCES NHASANXUAT(MANSX)
)

CREATE TABLE CHITIETPHIEUNHAP
(
	MAHD VARCHAR(10),
	MAPN VARCHAR(10),
	SLNHANTHUCTE INT CHECK(SLNHANTHUCTE > 0)

	PRIMARY KEY(MAHD, MAPN)
	FOREIGN KEY(MAHD) REFERENCES DONDATHANG(MAHD),
	FOREIGN KEY(MAPN) REFERENCES PHIEUNHAPHANG(MAPN)
)

GO
CREATE OR ALTER TRIGGER CACULATE_THANHTIEN
ON CHITIETHOADON
AFTER INSERT, UPDATE
AS
BEGIN
	UPDATE CTHD
	SET THANHTIEN = S.DONGIA * I.SOLUONG * (1 - ISNULL(CTKM.TILEGIAM, 0))
	FROM CHITIETHOADON CTHD
	JOIN inserted I ON CTHD.MAHD = I.MAHD AND I.MASP = CTHD.MASP
	JOIN SANPHAM S ON I.MASP = S.MASP 
	LEFT JOIN CHITIETKM CTKM ON CTKM.MAKM = I.MAKM AND CTKM.MASP = S.MASP
END
GO
-- 1. Bảng NHANVIEN (Độc lập)
-- Cần chèn đúng các VAITRO trong CHECK constraint
INSERT INTO NHANVIEN (MANV, HOTEN, VAITRO) VALUES
('NV01', N'Nguyễn Văn Quản Lý', N'Quản lý ngành hàng'),
('NV02', N'Trần Thị Kho', N'Quản lý kho hàng'),
('NV03', N'Lê Văn Sale', N'Kinh doanh'),
('NV04', N'Phạm Thị CSKH', N'Chăm sóc khách hàng'),
('NV05', N'Hoàng Văn Đơn', N'Xử lý đơn hàng');
GO

-- 2. Bảng KHACHHANG (Độc lập)
INSERT INTO KHACHHANG (MAKH, HOTEN, SDT, DIACHI, ISTHANHVIEN) VALUES
('KH01', N'Nguyễn Thị Mua Sắm', '0901234567', N'123 Lê Lợi, Q1', 1),
('KH02', N'Trần Văn VIP', '0909888777', N'456 Nguyễn Huệ, Q1', 1),
('KH03', N'Lê Văn Vãng Lai', '0912333444', N'789 Điện Biên Phủ, Q3', 0), -- Khách thường
('KH04', N'Phạm Thị Thân Thiết', '0987654321', N'321 Hai Bà Trưng, Q3', 1);
GO

-- 3. Bảng CAPDOTHE (Độc lập)
INSERT INTO CAPDOTHE (MACAPDO, TENCAPDO, TONGTIENTOITHIEU, PHANTRAMGIAMSN) VALUES
('LV1', N'Bạc', 1000000, 0.05), -- Giảm 5% sinh nhật
('LV2', N'Vàng', 5000000, 0.10), -- Giảm 10% sinh nhật
('LV3', N'Kim Cương', 10000000, 0.15); -- Giảm 15% sinh nhật
GO

-- 4. Bảng KH_THANHVIEN (Phụ thuộc KHACHHANG, NHANVIEN, CAPDOTHE)
INSERT INTO KH_THANHVIEN (MAKH, NGAYDANGKY, NGAYSINH, MANV, MACAPDO) VALUES
('KH01', '2023-01-15', '1995-05-20', 'NV04', 'LV1'),
('KH02', '2022-06-10', '1990-11-11', 'NV04', 'LV3'),
('KH04', '2023-03-20', '1998-02-28', 'NV04', 'LV2');
GO

-- 5. Bảng PHIEUGIAMGIA (Phụ thuộc KH_THANHVIEN)
INSERT INTO PHIEUGIAMGIA (MAPG, PHANTRAMGIAM, TRANGTHAI, MAKH) VALUES
('PG01', 0.1, N'Chưa dùng', 'KH01'),
('PG02', 0.2, N'Đã dùng', 'KH02'),
('PG03', 0.05, N'Hết hạn', 'KH04');
GO

-- 6. Bảng SOTIENTIEU (Phụ thuộc KH_THANHVIEN)
INSERT INTO SOTIENTIEU (MAKH, NAM, SOTIENDATIEU) VALUES
('KH01', 2023, 1500000),
('KH02', 2023, 12000000),
('KH04', 2023, 6000000);
GO

-- 7. Bảng KHUYENMAI (Phụ thuộc NHANVIEN)
INSERT INTO KHUYENMAI (MAKM, NGAYBATDAU, NGAYKETTHUC, MANV, ISMEMBER) VALUES
('KM01', '2023-12-01', '2023-12-31', 'NV01', 0), -- KM cuối năm cho tất cả
('KM02', '2024-01-01', '2024-01-10', 'NV01', 1); -- KM Tết cho thành viên
GO

-- 8. Bảng MEMBER_SALE (Phụ thuộc KHUYENMAI, CAPDOTHE)
INSERT INTO MEMBER_SALE (MAKM, MACAPDO) VALUES
('KM02', 'LV2'),
('KM02', 'LV3');
GO

-- 9. Bảng DANHMUC (Phụ thuộc NHANVIEN)
INSERT INTO DANHMUC (MADM, CHUNGLOAI, MANV) VALUES
('DM01', N'Thực phẩm tươi sống', 'NV01'),
('DM02', N'Đồ gia dụng', 'NV01'),
('DM03', N'Đồ uống', 'NV01');
GO

-- 10. Bảng NHASANXUAT (Độc lập)
INSERT INTO NHASANXUAT (MANSX, TENNSX, DIACHI, EMAIL, SDT) VALUES
('NSX01', N'Vinamilk', N'Số 10 Tân Trào, Q7', 'contact@vinamilk.com', '028541555'),
('NSX02', N'Sunhouse', N'Cầu Giấy, Hà Nội', 'cskh@sunhouse.com', '18006680'),
('NSX03', N'CP Foods', N'Biên Hòa, Đồng Nai', 'info@cp.com.vn', '028383688');
GO

-- 11. Bảng SANPHAM (Phụ thuộc DANHMUC, NHASANXUAT)
INSERT INTO SANPHAM (MASP, TENSANPHAM, DONGIA, MOTASP, TONKHO, SOLUONGTOIDA, MADM, MANSX) VALUES
('SP01', N'Sữa tươi 1L', 35000, N'Sữa tiệt trùng không đường', 100, 500, 'DM03', 'NSX01'),
('SP02', N'Thịt heo CP', 120000, N'Thịt ba chỉ sạch', 50, 200, 'DM01', 'NSX03'),
('SP03', N'Chảo chống dính', 250000, N'Chảo đáy từ 28cm', 30, 100, 'DM02', 'NSX02'),
('SP04', N'Nước cam ép', 45000, N'Nước trái cây Vfresh', 80, 400, 'DM03', 'NSX01');
GO

-- 12. Bảng CHITIETKM (Phụ thuộc SANPHAM, KHUYENMAI)
INSERT INTO CHITIETKM (MASP, MAKM, SOLUONG, TILEGIAM) VALUES
('SP01', 'KM01', 100, 0.1), -- Giảm 10% sữa dịp cuối năm
('SP03', 'KM02', 50, 0.2);  -- Giảm 20% chảo dịp Tết cho Member
GO

-- 13. Bảng HOADON (Phụ thuộc NHANVIEN, PHIEUGIAMGIA, KHACHHANG)
INSERT INTO HOADON (MAHD, NGAYLAP, TONGTIEN, MANV, MAPG, MAKH) VALUES
('HD01', '2023-12-15', 0, 'NV03', NULL, 'KH03'), -- Khách vãng lai
('HD02', '2023-12-20', 0, 'NV03', 'PG02', 'KH02'); -- Khách VIP dùng voucher
GO

-- 14. Bảng CHITIETHOADON (Phụ thuộc HOADON, SANPHAM, KHUYENMAI)
-- Lưu ý: THANHTIEN ban đầu insert là tạm, Trigger sẽ tính lại dựa trên số lượng và KM
INSERT INTO CHITIETHOADON (MAHD, MASP, SOLUONG, THANHTIEN, MAKM) VALUES
('HD01', 'SP01', 2, 70000, NULL),      -- Mua 2 hộp sữa, không áp dụng KM
('HD01', 'SP02', 1, 120000, NULL),     -- Mua 1kg thịt
('HD02', 'SP01', 5, 157500, 'KM01');   -- Mua 5 hộp sữa, áp dụng KM01 (giảm 10%)
GO

-- 15. Bảng DONDATHANG (Phụ thuộc NHANVIEN, SANPHAM)
INSERT INTO DONDATHANG (MAHD, NGAYLAP, SOLUONGDAT, SOLUONGDANHAN, TRANGTHAI, MANV, MASP) VALUES
('DDH01', '2023-11-01', 100, 100, N'Đã giao đủ', 'NV02', 'SP01'),
('DDH02', '2023-12-01', 50, 20, N'Đã giao một phần', 'NV02', 'SP03');
GO

-- 16. Bảng PHIEUNHAPHANG (Phụ thuộc NHASANXUAT)
INSERT INTO PHIEUNHAPHANG (MAPN, NGAYNHAP, MANSX) VALUES
('PN01', '2023-11-05', 'NSX01'),
('PN02', '2023-12-05', 'NSX02');
GO

-- 17. Bảng CHITIETPHIEUNHAP (Phụ thuộc DONDATHANG, PHIEUNHAPHANG)
INSERT INTO CHITIETPHIEUNHAP (MAHD, MAPN, SLNHANTHUCTE) VALUES
('DDH01', 'PN01', 100),
('DDH02', 'PN02', 20);
GO